Id,UserId,Name,Date,Class,TagBased
"26418911","2235158","Fanatic","2018-01-02 05:52:21","1","False"
"26418912","3478385","Popular Question","2018-01-02 05:52:21","3","False"
"26418913","3739821","Popular Question","2018-01-02 05:52:21","3","False"
"26418914","1017466","Popular Question","2018-01-02 05:52:21","3","False"
"26418915","6198279","Popular Question","2018-01-02 05:52:21","3","False"
"26418916","9116354","Scholar","2018-01-02 05:52:21","3","False"
"26418917","8481550","Scholar","2018-01-02 05:52:21","3","False"
"26418918","7296078","Scholar","2018-01-02 05:52:21","3","False"
"26418919","9125472","Custodian","2018-01-02 05:52:21","3","False"
"26418920","9162470","Informed","2018-01-02 05:54:12","3","False"
"26418921","9162423","Informed","2018-01-02 05:54:19","3","False"
"26418922","8759311","Informed","2018-01-02 05:54:43","3","False"
"26418924","9001657","Informed","2018-01-02 05:56:37","3","False"
"26418925","2763966","Informed","2018-01-02 05:57:03","3","False"
"26418926","1302520","Good Question","2018-01-02 05:57:20","2","False"
"26418927","5789208","Autobiographer","2018-01-02 05:57:20","3","False"
"26418928","3752518","Notable Question","2018-01-02 05:57:20","2","False"
"26418929","610569","Notable Question","2018-01-02 05:57:20","2","False"
"26418930","2889241","Notable Question","2018-01-02 05:57:20","2","False"
"26418931","503550","Notable Question","2018-01-02 05:57:20","2","False"
"26418932","338801","Notable Question","2018-01-02 05:57:20","2","False"
"26418933","3768763","Popular Question","2018-01-02 05:57:20","3","False"
"26418934","240363","Popular Question","2018-01-02 05:57:20","3","False"
"26418935","5334523","Popular Question","2018-01-02 05:57:20","3","False"
"26418936","9144452","Scholar","2018-01-02 05:57:20","3","False"
"26418937","9162274","Student","2018-01-02 05:57:20","3","False"
"26418938","9162432","Student","2018-01-02 05:57:20","3","False"
"26418939","7377698","Tumbleweed","2018-01-02 05:57:20","3","False"
"26418940","2041339","Tumbleweed","2018-01-02 05:57:20","3","False"
"26418941","4736317","Tumbleweed","2018-01-02 05:57:20","3","False"
"26418942","2549686","Tumbleweed","2018-01-02 05:57:20","3","False"
"26418943","8610349","Tumbleweed","2018-01-02 05:57:20","3","False"
"26418944","9140455","Tumbleweed","2018-01-02 05:57:20","3","False"
"26418945","8811694","Tumbleweed","2018-01-02 05:57:20","3","False"
"26418946","8966494","Tumbleweed","2018-01-02 05:57:20","3","False"
"26418947","9140537","Tumbleweed","2018-01-02 05:57:20","3","False"
"26418948","8884112","Tumbleweed","2018-01-02 05:57:20","3","False"
"26418949","7574167","Tumbleweed","2018-01-02 05:57:20","3","False"
"26418950","8292975","Tumbleweed","2018-01-02 05:57:20","3","False"
"26418951","8202776","Tumbleweed","2018-01-02 05:57:20","3","False"
"26418952","5501760","Tumbleweed","2018-01-02 05:57:20","3","False"
"26418953","9140475","Tumbleweed","2018-01-02 05:57:20","3","False"
"26418954","8567256","Tumbleweed","2018-01-02 05:57:20","3","False"
"26418955","4376402","Custodian","2018-01-02 05:57:20","3","False"
"26418956","7414375","Custodian","2018-01-02 05:57:20","3","False"
"26418957","9162378","Informed","2018-01-02 05:58:32","3","False"
"26418958","42518","Nice Answer","2018-01-02 06:02:17","3","False"
"26418959","443302","Nice Question","2018-01-02 06:02:17","3","False"
"26418960","1347910","Autobiographer","2018-01-02 06:02:17","3","False"
"26418961","1499103","Citizen Patrol","2018-01-02 06:01:28","3","False"
"26418962","7022997","Editor","2018-01-02 06:02:17","3","False"
"26418963","4379595","Editor","2018-01-02 06:02:17","3","False"
"26418964","7743722","Editor","2018-01-02 06:02:17","3","False"
"26418965","9162438","Informed","2018-01-02 06:02:33","3","False"
"26418966","341994","Enlightened","2018-01-02 06:02:17","2","False"
"26418967","1048572","Enlightened","2018-01-02 06:02:17","2","False"
"26418968","1349310","Enlightened","2018-01-02 06:02:17","2","False"
"26418969","2410379","Enlightened","2018-01-02 06:02:17","2","False"
"26418970","279712","Famous Question","2018-01-02 06:02:17","1","False"
"26418971","296559","Famous Question","2018-01-02 06:02:17","1","False"
"26418972","302533","Famous Question","2018-01-02 06:02:17","1","False"
"26418973","961612","Famous Question","2018-01-02 06:02:17","1","False"
"26418974","1706795","Famous Question","2018-01-02 06:02:17","1","False"
"26418975","4651358","Famous Question","2018-01-02 06:02:17","1","False"
"26418976","5900566","Famous Question","2018-01-02 06:02:17","1","False"
"26418977","1750269","Popular Question","2018-01-02 06:02:17","3","False"
"26418978","6258760","Popular Question","2018-01-02 06:02:17","3","False"
"26418979","8839161","Scholar","2018-01-02 06:02:17","3","False"
"26418980","9162341","Scholar","2018-01-02 06:02:17","3","False"
"26418981","9084049","Scholar","2018-01-02 06:02:17","3","False"
"26418982","6652791","Student","2018-01-02 06:02:17","3","False"
"26418983","7098172","Student","2018-01-02 06:02:17","3","False"
"26418984","6880632","Suffrage","2018-01-02 06:02:17","3","False"
"26418985","5665777","Teacher","2018-01-02 06:02:17","3","False"
"26418986","560166","Yearling","2018-01-02 06:02:17","2","False"
"26418987","4411558","Yearling","2018-01-02 06:02:17","2","False"
"26418988","4411559","Yearling","2018-01-02 06:02:17","2","False"
"26418989","560161","Yearling","2018-01-02 06:02:17","2","False"
"26418990","242189","Yearling","2018-01-02 06:02:17","2","False"
"26418991","5737391","Yearling","2018-01-02 06:02:17","2","False"
"26418992","3152587","Yearling","2018-01-02 06:02:17","2","False"
"26418993","9162367","Custodian","2018-01-02 06:02:17","3","False"
"26418994","3611676","Custodian","2018-01-02 06:02:17","3","False"
"26418995","4794459","Explainer","2018-01-02 06:02:17","3","False"
"26418996","2114786","Explainer","2018-01-02 06:02:17","3","False"
"26418997","5715863","Explainer","2018-01-02 06:02:17","3","False"
"26418998","704661","Explainer","2018-01-02 06:02:17","3","False"
"26418999","6459731","Explainer","2018-01-02 06:02:17","3","False"
"26419000","1738720","Explainer","2018-01-02 06:02:17","3","False"
"26419001","6472899","Explainer","2018-01-02 06:02:17","3","False"
"26419002","5446749","Explainer","2018-01-02 06:02:17","3","False"
"26419003","9129289","Explainer","2018-01-02 06:02:17","3","False"
"26419004","6594606","Explainer","2018-01-02 06:02:17","3","False"
"26419005","6935886","Explainer","2018-01-02 06:02:17","3","False"
"26419006","9162492","Informed","2018-01-02 06:06:56","3","False"
"26419007","5188159","Nice Answer","2018-01-02 06:07:16","3","False"
"26419008","508377","Nice Question","2018-01-02 06:07:16","3","False"
"26419009","9162519","Autobiographer","2018-01-02 06:07:16","3","False"
"26419010","2453753","Editor","2018-01-02 06:07:16","3","False"
"26419011","8719576","Editor","2018-01-02 06:07:16","3","False"
"26419012","5495142","Necromancer","2018-01-02 06:07:16","2","False"
"26419013","1125159","Popular Question","2018-01-02 06:07:16","3","False"
"26419014","7145019","Scholar","2018-01-02 06:07:16","3","False"
"26419015","6855396","Student","2018-01-02 06:07:16","3","False"
"26419016","8839161","Student","2018-01-02 06:07:16","3","False"
"26419017","8605920","Supporter","2018-01-02 06:07:16","3","False"
"26419018","4411577","Yearling","2018-01-02 06:07:16","2","False"
"26419019","9162525","Informed","2018-01-02 06:09:07","3","False"
"26419020","9162530","Informed","2018-01-02 06:11:24","3","False"
"26419021","9162533","Informed","2018-01-02 06:12:06","3","False"
"26419022","6146784","Commentator","2018-01-02 06:12:27","3","False"
"26419023","9162432","Editor","2018-01-02 06:12:27","3","False"
"26419024","6584930","Editor","2018-01-02 06:12:27","3","False"
"26419025","8198691","Editor","2018-01-02 06:12:27","3","False"
"26419026","4099593","Guru","2018-01-02 06:12:27","2","False"
"26419027","2425282","Popular Question","2018-01-02 06:12:27","3","False"
"26419028","4525364","Popular Question","2018-01-02 06:12:27","3","False"
"26419029","9147911","Scholar","2018-01-02 06:12:27","3","False"
"26419030","4439408","Scholar","2018-01-02 06:12:27","3","False"
"26419031","7628259","Scholar","2018-01-02 06:12:27","3","False"
"26419032","8648433","Scholar","2018-01-02 06:12:27","3","False"
"26419033","6356411","Teacher","2018-01-02 06:12:27","3","False"
"26419034","5284996","Yearling","2018-01-02 06:12:27","2","False"
"26419035","1125766","Yearling","2018-01-02 06:12:27","2","False"
"26419036","9162489","Custodian","2018-01-02 06:12:27","3","False"
"26419037","9045097","Informed","2018-01-02 06:13:38","3","False"
"26419038","9126057","Informed","2018-01-02 06:14:15","3","False"
"26419039","9162536","Informed","2018-01-02 06:14:24","3","False"
"26419040","8190216","Informed","2018-01-02 06:18:10","3","False"
"26419041","9000837","Informed","2018-01-02 06:18:56","3","False"
"26419042","9133678","Informed","2018-01-02 06:19:00","3","False"
"26419043","1011995","Nice Answer","2018-01-02 06:19:43","3","False"
"26419044","470005","Good Answer","2018-01-02 06:19:43","2","False"
"26419045","765484","Inquisitive","2018-01-02 06:19:43","2","False"
"26419046","2556555","Inquisitive","2018-01-02 06:19:43","2","False"
"26419047","2224454","Inquisitive","2018-01-02 06:19:43","2","False"
"26419048","8677065","Autobiographer","2018-01-02 06:19:43","3","False"
"26419049","4115895","Commentator","2018-01-02 06:19:43","3","False"
"26419050","7108892","Editor","2018-01-02 06:19:43","3","False"
"26419051","6811674","Editor","2018-01-02 06:19:43","3","False"
"26419052","9122499","Editor","2018-01-02 06:19:43","3","False"
"26419053","6565093","Enthusiast","2018-01-02 06:19:43","2","False"
"26419054","676252","Famous Question","2018-01-02 06:19:43","1","False"
"26419055","2014080","Guru","2018-01-02 06:19:43","2","False"
"26419056","76209","Guru","2018-01-02 06:19:43","2","False"
"26419057","1025234","Notable Question","2018-01-02 06:19:43","2","False"
"26419058","3003757","Notable Question","2018-01-02 06:19:43","2","False"
"26419059","6590294","Notable Question","2018-01-02 06:19:43","2","False"
"26419060","268075","Notable Question","2018-01-02 06:19:43","2","False"
"26419061","321659","Notable Question","2018-01-02 06:19:43","2","False"
"26419062","7316269","Peer Pressure","2018-01-02 06:19:43","3","False"
"26419063","3188794","Popular Question","2018-01-02 06:19:43","3","False"
"26419064","5286765","Popular Question","2018-01-02 06:19:43","3","False"
"26419065","5057736","Popular Question","2018-01-02 06:19:43","3","False"
"26419066","8884943","Popular Question","2018-01-02 06:19:43","3","False"
"26419067","3486712","Popular Question","2018-01-02 06:19:43","3","False"
"26419068","4991743","Popular Question","2018-01-02 06:19:43","3","False"
"26419069","756402","Popular Question","2018-01-02 06:19:43","3","False"
"26419070","1121420","Revival","2018-01-02 06:19:43","3","False"
"26419071","5287436","Revival","2018-01-02 06:19:43","3","False"
"26419072","99406","Revival","2018-01-02 06:19:43","3","False"
"26419073","895245","Revival","2018-01-02 06:19:43","3","False"
"26419074","1430569","Revival","2018-01-02 06:19:43","3","False"
"26419075","8523910","Scholar","2018-01-02 06:19:43","3","False"
"26419076","6876862","Scholar","2018-01-02 06:19:43","3","False"
"26419077","6244222","Scholar","2018-01-02 06:19:43","3","False"
"26419078","8523910","Student","2018-01-02 06:19:43","3","False"
"26419079","8630769","Teacher","2018-01-02 06:19:43","3","False"
"26419080","9092157","Teacher","2018-01-02 06:19:43","3","False"
"26419081","3806803","Informed","2018-01-02 06:20:31","3","False"
"26419082","8625395","Custodian","2018-01-02 06:19:43","3","False"
"26419083","1229983","Custodian","2018-01-02 06:19:43","3","False"
"26419084","9162534","Informed","2018-01-02 06:21:05","3","False"
"26419085","7027529","Informed","2018-01-02 06:22:32","3","False"
"26419086","5456252","Informed","2018-01-02 06:23:51","3","False"
"26419087","9147742","Informed","2018-01-02 06:23:55","3","False"
"26419088","9162563","Informed","2018-01-02 06:24:19","3","False"
"26419089","154147","Nice Answer","2018-01-02 06:24:44","3","False"
"26419090","6881301","Nice Answer","2018-01-02 06:24:44","3","False"
"26419091","9144794","Editor","2018-01-02 06:24:44","3","False"
"26419092","3526087","Editor","2018-01-02 06:24:44","3","False"
"26419093","7131757","Enthusiast","2018-01-02 06:24:44","2","False"
"26419094","524588","Necromancer","2018-01-02 06:24:44","2","False"
"26419095","697079","Necromancer","2018-01-02 06:24:44","2","False"
"26419096","2779021","Peer Pressure","2018-01-02 06:24:44","3","False"
"26419097","7591191","Peer Pressure","2018-01-02 06:24:44","3","False"
"26419098","608725","Popular Question","2018-01-02 06:24:44","3","False"
"26419100","6876473","Popular Question","2018-01-02 06:24:44","3","False"
"26419101","7667164","Popular Question","2018-01-02 06:24:44","3","False"
"26419102","4672544","Popular Question","2018-01-02 06:24:44","3","False"
"26419103","2300255","Popular Question","2018-01-02 06:24:44","3","False"
"26419104","9152208","Student","2018-01-02 06:24:44","3","False"
"26419105","8648433","Student","2018-01-02 06:24:44","3","False"
"26419106","9065593","Supporter","2018-01-02 06:24:44","3","False"
"26419107","9065593","Teacher","2018-01-02 06:24:44","3","False"
"26419109","3526087","Custodian","2018-01-02 06:24:44","3","False"
"26419110","3048763","Reviewer","2018-01-02 06:24:44","2","False"
"26419111","148680","Reviewer","2018-01-02 06:24:44","2","False"
"26419112","8686798","Informed","2018-01-02 06:28:25","3","False"
"26419113","7139558","Informed","2018-01-02 06:29:25","3","False"
"26419114","29762","Nice Answer","2018-01-02 06:29:45","3","False"
"26419115","755645","Nice Answer","2018-01-02 06:29:45","3","False"
"26419116","3133256","Good Question","2018-01-02 06:29:45","2","False"
"26419117","5105583","Autobiographer","2018-01-02 06:29:45","3","False"
"26419118","9126770","Editor","2018-01-02 06:29:45","3","False"
"26419119","8718161","Editor","2018-01-02 06:29:45","3","False"
"26419120","9152208","Editor","2018-01-02 06:29:45","3","False"
"26419121","9162167","Editor","2018-01-02 06:29:45","3","False"
"26419122","8016771","Enthusiast","2018-01-02 06:29:45","2","False"
"26419123","4264017","Enthusiast","2018-01-02 06:29:45","2","False"
"26419124","3040258","Notable Question","2018-01-02 06:29:45","2","False"
"26419125","968759","Notable Question","2018-01-02 06:29:45","2","False"
"26419126","137071","Notable Question","2018-01-02 06:29:45","2","False"
"26419127","8838871","Notable Question","2018-01-02 06:29:45","2","False"
"26419128","1000011","Notable Question","2018-01-02 06:29:45","2","False"
"26419129","7461666","Organizer","2018-01-02 06:29:45","3","False"
"26419130","8250001","Popular Question","2018-01-02 06:29:45","3","False"
"26419131","1157103","Popular Question","2018-01-02 06:29:45","3","False"
"26419132","321423","Popular Question","2018-01-02 06:29:45","3","False"
"26419133","3310955","Popular Question","2018-01-02 06:29:45","3","False"
"26419134","269404","Popular Question","2018-01-02 06:29:45","3","False"
"26419135","7488986","Popular Question","2018-01-02 06:29:45","3","False"
"26419136","6161443","Popular Question","2018-01-02 06:29:45","3","False"
"26419137","5470177","Self-Learner","2018-01-02 06:29:45","3","False"
"26419138","1410930","Self-Learner","2018-01-02 06:29:45","3","False"
"26419139","1250410","Self-Learner","2018-01-02 06:29:45","3","False"
"26419140","4637502","Student","2018-01-02 06:29:45","3","False"
"26419141","9162556","Student","2018-01-02 06:29:45","3","False"
"26419142","4911797","Teacher","2018-01-02 06:29:45","3","False"
"26419143","8403046","Teacher","2018-01-02 06:29:45","3","False"
"26419144","1125784","Yearling","2018-01-02 06:29:45","2","False"
"26419145","7364168","Yearling","2018-01-02 06:29:45","2","False"
"26419146","106715","Yearling","2018-01-02 06:29:45","2","False"
"26419147","1125773","Yearling","2018-01-02 06:29:45","2","False"
"26419148","1942106","Yearling","2018-01-02 06:29:45","2","False"
"26419149","6752050","Yearling","2018-01-02 06:29:45","2","False"
"26419150","5737438","Yearling","2018-01-02 06:29:45","2","False"
"26419151","462924","Yearling","2018-01-02 06:29:45","2","False"
"26419152","9126770","Custodian","2018-01-02 06:29:45","3","False"
"26419153","4449278","Custodian","2018-01-02 06:29:45","3","False"
"26419154","8601552","Custodian","2018-01-02 06:29:45","3","False"
"26419155","3259671","Informed","2018-01-02 06:31:29","3","False"
"26419156","9162575","Informed","2018-01-02 06:32:42","3","False"
"26419157","4935886","Commentator","2018-01-02 06:34:58","3","False"
"26419158","9162581","Informed","2018-01-02 06:34:59","3","False"
"26419159","9162489","Editor","2018-01-02 06:34:58","3","False"
"26419160","9144211","Editor","2018-01-02 06:34:58","3","False"
"26419161","3284149","Excavator","2018-01-02 06:34:58","3","False"
"26419162","190784","Necromancer","2018-01-02 06:34:58","2","False"
"26419163","1293400","Popular Question","2018-01-02 06:34:58","3","False"
"26419164","5545922","Popular Question","2018-01-02 06:34:58","3","False"
"26419165","2294414","Popular Question","2018-01-02 06:34:58","3","False"
"26419166","2009854","Popular Question","2018-01-02 06:34:58","3","False"
"26419167","4102021","Scholar","2018-01-02 06:34:58","3","False"
"26419168","7286016","Scholar","2018-01-02 06:34:58","3","False"
"26419169","5336019","Supporter","2018-01-02 06:34:58","3","False"
"26419170","7851634","Supporter","2018-01-02 06:34:58","3","False"
"26419171","9162592","Informed","2018-01-02 06:35:18","3","False"
"26419172","3906827","Yearling","2018-01-02 06:34:58","2","False"
"26419173","4449278","Custodian","2018-01-02 06:34:58","3","False"
"26419174","8735640","Informed","2018-01-02 06:37:35","3","False"
"26419175","4434449","Informed","2018-01-02 06:38:01","3","False"
"26419176","1542971","Commentator","2018-01-02 06:39:56","3","False"
"26419177","9148820","Editor","2018-01-02 06:39:56","3","False"
"26419178","9157895","Editor","2018-01-02 06:39:56","3","False"
"26419179","9152709","Editor","2018-01-02 06:39:56","3","False"
"26419180","1078098","Famous Question","2018-01-02 06:39:56","1","False"
"26419181","482138","Notable Question","2018-01-02 06:39:56","2","False"
"26419182","9066033","Peer Pressure","2018-01-02 06:39:56","3","False"
"26419183","3775079","Popular Question","2018-01-02 06:39:56","3","False"
"26419184","2447032","Popular Question","2018-01-02 06:39:56","3","False"
"26419185","5394058","Popular Question","2018-01-02 06:39:56","3","False"
"26419186","1216210","Popular Question","2018-01-02 06:39:56","3","False"
"26419187","9016119","Revival","2018-01-02 06:39:56","3","False"
"26419188","6699474","Scholar","2018-01-02 06:39:56","3","False"
"26419189","9162432","Scholar","2018-01-02 06:39:56","3","False"
"26419190","6584930","Scholar","2018-01-02 06:39:56","3","False"
"26419191","4894417","Teacher","2018-01-02 06:39:56","3","False"
"26419192","9156711","Teacher","2018-01-02 06:39:56","3","False"
"26419193","3837624","Teacher","2018-01-02 06:39:56","3","False"
"26419195","5135948","Informed","2018-01-02 06:41:36","3","False"
"26419196","9162600","Informed","2018-01-02 06:42:14","3","False"
"26419197","9162483","Informed","2018-01-02 06:43:23","3","False"
"26419198","9162603","Informed","2018-01-02 06:43:29","3","False"
"26419199","9162610","Informed","2018-01-02 06:43:53","3","False"
"26419200","9162605","Informed","2018-01-02 06:44:08","3","False"
"26419201","502972","Nice Answer","2018-01-02 06:44:46","3","False"
"26419202","2626565","Nice Answer","2018-01-02 06:44:46","3","False"
"26419203","3293927","Nice Answer","2018-01-02 06:44:46","3","False"
"26419204","5344058","Nice Answer","2018-01-02 06:44:46","3","False"
"26419205","91914","Good Answer","2018-01-02 06:44:46","2","False"
"26419206","7529251","Good Answer","2018-01-02 06:44:46","2","False"
"26419207","9162581","Autobiographer","2018-01-02 06:44:46","3","False"
"26419208","3647699","Benefactor","2018-01-02 06:44:46","3","False"
"26419209","9162571","Editor","2018-01-02 06:44:46","3","False"
"26419210","9105792","Editor","2018-01-02 06:44:46","3","False"
"26419211","5369221","Enthusiast","2018-01-02 06:44:46","2","False"
"26419212","2630486","Famous Question","2018-01-02 06:44:46","1","False"
"26419213","234466","Popular Question","2018-01-02 06:44:46","3","False"
"26419214","5523199","Popular Question","2018-01-02 06:44:46","3","False"
"26419215","5370534","Popular Question","2018-01-02 06:44:46","3","False"
"26419216","9162620","Informed","2018-01-02 06:45:21","3","False"
"26419217","7849549","Student","2018-01-02 06:44:46","3","False"
"26419218","9162545","Student","2018-01-02 06:44:46","3","False"
"26419219","9102140","Supporter","2018-01-02 06:44:46","3","False"
"26419220","2523113","Supporter","2018-01-02 06:44:46","3","False"
"26419221","9155443","Teacher","2018-01-02 06:44:46","3","False"
"26419222","5175180","Tumbleweed","2018-01-02 06:44:46","3","False"
"26419223","5829725","Tumbleweed","2018-01-02 06:44:46","3","False"
"26419224","7207447","Tumbleweed","2018-01-02 06:44:46","3","False"
"26419225","8178494","Tumbleweed","2018-01-02 06:44:46","3","False"
"26419226","5614891","Tumbleweed","2018-01-02 06:44:46","3","False"
"26419227","9054174","Tumbleweed","2018-01-02 06:44:46","3","False"
"26419228","9140542","Tumbleweed","2018-01-02 06:44:46","3","False"
"26419229","4741668","Tumbleweed","2018-01-02 06:44:46","3","False"
"26419230","8530752","Tumbleweed","2018-01-02 06:44:46","3","False"
"26419231","7372790","Tumbleweed","2018-01-02 06:44:46","3","False"
"26419232","6502575","Tumbleweed","2018-01-02 06:44:46","3","False"
"26419233","7173348","Tumbleweed","2018-01-02 06:44:46","3","False"
"26419234","9033845","Tumbleweed","2018-01-02 06:44:46","3","False"
"26419235","5399467","Tumbleweed","2018-01-02 06:44:46","3","False"
"26419236","9136759","Tumbleweed","2018-01-02 06:44:46","3","False"
"26419237","6869166","Tumbleweed","2018-01-02 06:44:46","3","False"
"26419238","8580251","Tumbleweed","2018-01-02 06:44:46","3","False"
"26419239","9140553","Tumbleweed","2018-01-02 06:44:46","3","False"
"26419240","4312282","Custodian","2018-01-02 06:44:46","3","False"
"26419241","2587025","Custodian","2018-01-02 06:44:46","3","False"
"26419242","9162129","Informed","2018-01-02 06:46:26","3","False"
"26419243","8964073","Informed","2018-01-02 06:47:38","3","False"
"26419244","9162634","Informed","2018-01-02 06:49:25","3","False"
"26419245","692065","Nice Answer","2018-01-02 06:51:25","3","False"
"26419246","1966616","Nice Answer","2018-01-02 06:51:25","3","False"
"26419247","90146","Good Question","2018-01-02 06:51:25","2","False"
"26419248","6793156","Autobiographer","2018-01-02 06:51:25","3","False"
"26419249","4906159","Autobiographer","2018-01-02 06:51:25","3","False"
"26419250","7321360","Critic","2018-01-02 06:51:25","3","False"
"26419251","5319888","Critic","2018-01-02 06:51:25","3","False"
"26419252","3370168","Critic","2018-01-02 06:51:25","3","False"
"26419253","3185819","Critic","2018-01-02 06:51:25","3","False"
"26419254","3992894","Critic","2018-01-02 06:51:25","3","False"
"26419255","2061103","Critic","2018-01-02 06:51:25","3","False"
"26419256","4411614","Critic","2018-01-02 06:51:25","3","False"
"26419257","9130314","Critic","2018-01-02 06:51:25","3","False"
"26419258","1156","Critic","2018-01-02 06:51:25","3","False"
"26419259","1199154","Critic","2018-01-02 06:51:25","3","False"
"26419260","4450673","Critic","2018-01-02 06:51:25","3","False"
"26419261","609115","Critic","2018-01-02 06:51:25","3","False"
"26419262","625771","Critic","2018-01-02 06:51:25","3","False"
"26419263","9154416","Editor","2018-01-02 06:51:25","3","False"
"26419264","9123048","Editor","2018-01-02 06:51:25","3","False"
"26419265","8410293","Enthusiast","2018-01-02 06:51:25","2","False"
"26419266","5631145","Notable Question","2018-01-02 06:51:25","2","False"
"26419267","2540594","Notable Question","2018-01-02 06:51:25","2","False"
"26419268","673730","Notable Question","2018-01-02 06:51:25","2","False"
"26419269","8192719","Organizer","2018-01-02 06:51:25","3","False"
"26419270","5710746","Peer Pressure","2018-01-02 06:51:25","3","False"
"26419271","8885345","Peer Pressure","2018-01-02 06:51:25","3","False"
"26419272","684852","Popular Question","2018-01-02 06:51:25","3","False"
"26419273","2835067","Popular Question","2018-01-02 06:51:25","3","False"
"26419274","7542959","Popular Question","2018-01-02 06:51:25","3","False"
"26419275","791335","Popular Question","2018-01-02 06:51:25","3","False"
"26419276","3467492","Popular Question","2018-01-02 06:51:25","3","False"
"26419277","5075996","Popular Question","2018-01-02 06:51:25","3","False"
"26419278","3830520","Popular Question","2018-01-02 06:51:25","3","False"
"26419279","7905437","Promoter","2018-01-02 06:51:25","3","False"
"26419280","9162357","Scholar","2018-01-02 06:51:25","3","False"
"26419281","9162550","Student","2018-01-02 06:51:25","3","False"
"26419282","5575487","Student","2018-01-02 06:51:25","3","False"
"26419283","8429339","Supporter","2018-01-02 06:51:25","3","False"
"26419284","8361579","Custodian","2018-01-02 06:51:25","3","False"
"26419285","2422271","Custodian","2018-01-02 06:51:25","3","False"
"26419286","9162627","Informed","2018-01-02 06:52:14","3","False"
"26419287","9162631","Informed","2018-01-02 06:52:58","3","False"
"26419288","9162632","Informed","2018-01-02 06:53:06","3","False"
"26419289","9162648","Informed","2018-01-02 06:54:10","3","False"
"26419290","9162624","Informed","2018-01-02 06:54:18","3","False"
"26419291","9161609","Informed","2018-01-02 06:54:20","3","False"
"26419292","5206765","Informed","2018-01-02 06:56:12","3","False"
"26419293","1577135","Nice Answer","2018-01-02 06:56:23","3","False"
"26419294","6436248","Autobiographer","2018-01-02 06:56:23","3","False"
"26419295","3958661","Editor","2018-01-02 06:56:23","3","False"
"26419296","260747","Famous Question","2018-01-02 06:56:23","1","False"
"26419297","1176276","Famous Question","2018-01-02 06:56:23","1","False"
"26419298","509904","Necromancer","2018-01-02 06:56:23","2","False"
"26419299","2120647","Necromancer","2018-01-02 06:56:23","2","False"
"26419300","4354127","Peer Pressure","2018-01-02 06:56:23","3","False"
"26419301","6264928","Popular Question","2018-01-02 06:56:23","3","False"
"26419302","1829251","Popular Question","2018-01-02 06:56:23","3","False"
"26419303","320112","Popular Question","2018-01-02 06:56:23","3","False"
"26419304","2001702","Popular Question","2018-01-02 06:56:23","3","False"
"26419305","700284","Proofreader","2018-01-02 06:56:23","3","False"
"26419306","9161609","Scholar","2018-01-02 06:56:23","3","False"
"26419307","8951122","Student","2018-01-02 06:56:23","3","False"
"26419308","3362180","Teacher","2018-01-02 06:56:23","3","False"
"26419309","8694152","Teacher","2018-01-02 06:56:23","3","False"
"26419311","242203","Yearling","2018-01-02 06:56:23","2","False"
"26419312","1125792","Yearling","2018-01-02 06:56:23","2","False"
"26419313","4411696","Yearling","2018-01-02 06:56:23","2","False"
"26419314","3999642","Yearling","2018-01-02 06:56:23","2","False"
"26419315","6940604","Yearling","2018-01-02 06:56:23","2","False"
"26419316","1942155","Yearling","2018-01-02 06:56:23","2","False"
"26419317","2708934","Yearling","2018-01-02 06:56:23","2","False"
"26419318","7362311","Custodian","2018-01-02 06:56:23","3","False"
"26419319","8372035","Custodian","2018-01-02 06:56:23","3","False"
"26419320","9162658","Informed","2018-01-02 06:57:03","3","False"
"26419321","9162662","Informed","2018-01-02 06:57:03","3","False"
"26419322","7388121","Informed","2018-01-02 06:57:40","3","False"
"26419323","5163967","Informed","2018-01-02 06:57:58","3","False"
"26419324","9162668","Informed","2018-01-02 06:59:36","3","False"
"26419325","9162672","Informed","2018-01-02 06:59:38","3","False"
"26419326","9162664","Informed","2018-01-02 07:00:59","3","False"
"26419327","1240557","Announcer","2018-01-02 07:01:25","3","False"
"26419328","5726027","Announcer","2018-01-02 07:01:25","3","False"
"26419329","260793","Announcer","2018-01-02 07:01:25","3","False"
"26419330","2798152","Announcer","2018-01-02 07:01:25","3","False"
"26419331","49114","Nice Answer","2018-01-02 07:01:25","3","False"
"26419332","2235661","Nice Answer","2018-01-02 07:01:25","3","False"
"26419333","2618541","Nice Answer","2018-01-02 07:01:25","3","False"
"26419336","1954355","Curious","2018-01-02 07:01:25","3","False"
"26419337","614191","Curious","2018-01-02 07:01:25","3","False"
"26419338","8903456","Curious","2018-01-02 07:01:25","3","False"
"26419339","9162671","Informed","2018-01-02 07:01:29","3","False"
"26419340","9160098","Autobiographer","2018-01-02 07:01:25","3","False"
"26419341","5251601","Autobiographer","2018-01-02 07:01:25","3","False"
"26419342","5713283","Commentator","2018-01-02 07:01:25","3","False"
"26419343","9162349","Editor","2018-01-02 07:01:25","3","False"
"26419345","6722100","Fanatic","2018-01-02 07:01:25","1","False"
"26419346","5840993","Notable Question","2018-01-02 07:01:25","2","False"
"26419347","118228","Notable Question","2018-01-02 07:01:25","2","False"
"26419348","4500645","Notable Question","2018-01-02 07:01:25","2","False"
"26419349","1024368","Notable Question","2018-01-02 07:01:25","2","False"
"26419350","16892","Notable Question","2018-01-02 07:01:25","2","False"
"26419351","2667896","Notable Question","2018-01-02 07:01:25","2","False"
"26419352","4311574","Notable Question","2018-01-02 07:01:25","2","False"
"26419353","202431","Popular Question","2018-01-02 07:01:25","3","False"
"26419354","4779281","Popular Question","2018-01-02 07:01:25","3","False"
"26419355","5612691","Popular Question","2018-01-02 07:01:25","3","False"
"26419356","4514987","Popular Question","2018-01-02 07:01:25","3","False"
"26419357","7476221","Popular Question","2018-01-02 07:01:25","3","False"
"26419358","1436894","Popular Question","2018-01-02 07:01:25","3","False"
"26419359","7562267","Popular Question","2018-01-02 07:01:25","3","False"
"26419360","152820","Popular Question","2018-01-02 07:01:25","3","False"
"26419361","2831637","Popular Question","2018-01-02 07:01:25","3","False"
"26419362","4637780","Popular Question","2018-01-02 07:01:25","3","False"
"26419363","6671365","Popular Question","2018-01-02 07:01:25","3","False"
"26419364","2484674","Student","2018-01-02 07:01:25","3","False"
"26419365","9162649","Student","2018-01-02 07:01:25","3","False"
"26419366","8642918","Student","2018-01-02 07:01:25","3","False"
"26419367","6108936","Supporter","2018-01-02 07:01:25","3","False"
"26419368","9031481","Supporter","2018-01-02 07:01:25","3","False"
"26419369","8319521","Teacher","2018-01-02 07:01:25","3","False"
"26419370","4248542","Tumbleweed","2018-01-02 07:01:25","3","False"
"26419371","9140607","Tumbleweed","2018-01-02 07:01:25","3","False"
"26419372","9140629","Tumbleweed","2018-01-02 07:01:25","3","False"
"26419373","2106973","Custodian","2018-01-02 07:01:25","3","False"
"26419374","2847290","Custodian","2018-01-02 07:01:25","3","False"
"26419375","5588279","Reviewer","2018-01-02 07:01:25","2","False"
"26419376","9162643","Informed","2018-01-02 07:02:17","3","False"
"26419377","9162675","Informed","2018-01-02 07:02:55","3","False"
"26419378","8758111","Informed","2018-01-02 07:03:22","3","False"
"26419379","9162651","Informed","2018-01-02 07:03:48","3","False"
"26419380","9162674","Informed","2018-01-02 07:05:41","3","False"
"26419381","9162687","Informed","2018-01-02 07:06:02","3","False"
"26419382","220299","Nice Answer","2018-01-02 07:06:23","3","False"
"26419383","1888249","Nice Answer","2018-01-02 07:06:23","3","False"
"26419384","1168619","Good Answer","2018-01-02 07:06:23","2","False"
"26419385","5772593","Nice Question","2018-01-02 07:06:23","3","False"
"26419386","4202984","Good Question","2018-01-02 07:06:23","2","False"
"26419387","6503185","Autobiographer","2018-01-02 07:06:23","3","False"
"26419388","6654048","Autobiographer","2018-01-02 07:06:23","3","False"
"26419389","9162554","Editor","2018-01-02 07:06:23","3","False"
"26419390","6031040","Notable Question","2018-01-02 07:06:23","2","False"
"26419391","2595039","Notable Question","2018-01-02 07:06:23","2","False"
"26419392","1865164","Popular Question","2018-01-02 07:06:23","3","False"
"26419393","2026238","Popular Question","2018-01-02 07:06:23","3","False"
"26419394","3633102","Popular Question","2018-01-02 07:06:23","3","False"
"26419395","7717219","Scholar","2018-01-02 07:06:23","3","False"
"26419396","8368179","Student","2018-01-02 07:06:23","3","False"
"26419397","9162569","Student","2018-01-02 07:06:23","3","False"
"26419398","6300600","Teacher","2018-01-02 07:06:23","3","False"
"26419399","8252211","Custodian","2018-01-02 07:06:23","3","False"
"26419400","2893693","Steward","2018-01-02 07:06:23","1","False"
"26419401","9162692","Informed","2018-01-02 07:07:25","3","False"
"26419402","9162647","Informed","2018-01-02 07:08:46","3","False"
"26419403","9162704","Informed","2018-01-02 07:08:51","3","False"
"26419404","9162706","Informed","2018-01-02 07:09:09","3","False"
"26419405","2201881","Informed","2018-01-02 07:10:13","3","False"
"26419406","2458916","Nice Answer","2018-01-02 07:11:23","3","False"
"26419407","4912965","Nice Answer","2018-01-02 07:11:23","3","False"
"26419408","2109128","Good Answer","2018-01-02 07:11:23","2","False"
"26419409","1115833","Nice Question","2018-01-02 07:11:23","3","False"
"26419410","1474420","Nice Question","2018-01-02 07:11:23","3","False"
"26419411","5770601","Nice Question","2018-01-02 07:11:23","3","False"
"26419412","563718","Good Question","2018-01-02 07:11:23","2","False"
"26419413","9003184","Autobiographer","2018-01-02 07:11:23","3","False"
"26419414","2064473","Citizen Patrol","2018-01-02 07:07:42","3","False"
"26419415","1573768","Necromancer","2018-01-02 07:11:23","2","False"
"26419416","3539811","Necromancer","2018-01-02 07:11:23","2","False"
"26419417","2458916","Notable Question","2018-01-02 07:11:23","2","False"
"26419418","400962","Notable Question","2018-01-02 07:11:23","2","False"
"26419419","139656","Popular Question","2018-01-02 07:11:23","3","False"
"26419420","470184","Popular Question","2018-01-02 07:11:23","3","False"
"26419421","6264800","Popular Question","2018-01-02 07:11:23","3","False"
"26419422","5175253","Popular Question","2018-01-02 07:11:23","3","False"
"26419423","1739676","Popular Question","2018-01-02 07:11:23","3","False"
"26419424","1357786","Popular Question","2018-01-02 07:11:23","3","False"
"26419425","1621040","Popular Question","2018-01-02 07:11:23","3","False"
"26419426","4703819","Popular Question","2018-01-02 07:11:23","3","False"
"26419427","7090564","Scholar","2018-01-02 07:11:23","3","False"
"26419428","8218887","Student","2018-01-02 07:11:23","3","False"
"26419429","9141164","Teacher","2018-01-02 07:11:23","3","False"
"26419430","3152737","Yearling","2018-01-02 07:11:23","2","False"
"26419431","2078274","Yearling","2018-01-02 07:11:23","2","False"
"26419432","1607447","Yearling","2018-01-02 07:11:23","2","False"
"26419433","7090564","Custodian","2018-01-02 07:11:23","3","False"
"26419434","9162709","Informed","2018-01-02 07:12:37","3","False"
"26419435","7981487","Informed","2018-01-02 07:12:46","3","False"
"26419436","9162695","Informed","2018-01-02 07:13:23","3","False"
"26419437","9162719","Informed","2018-01-02 07:15:49","3","False"
"26419438","9131388","Informed","2018-01-02 07:16:26","3","False"
"26419439","9162710","Informed","2018-01-02 07:17:10","3","False"
"26419440","392949","Good Answer","2018-01-02 07:17:29","2","False"
"26419441","2420322","Nice Question","2018-01-02 07:17:29","3","False"
"26419442","8612074","Nice Question","2018-01-02 07:17:29","3","False"
"26419443","448192","Good Question","2018-01-02 07:17:29","2","False"
"26419444","345944","Great Question","2018-01-02 07:17:29","1","False"
"26419445","8789122","Autobiographer","2018-01-02 07:17:29","3","False"
"26419446","9097098","Editor","2018-01-02 07:17:29","3","False"
"26419447","9145178","Editor","2018-01-02 07:17:29","3","False"
"26419448","9144781","Editor","2018-01-02 07:17:29","3","False"
"26419449","6722679","Enthusiast","2018-01-02 07:17:29","2","False"
"26419450","9141607","Organizer","2018-01-02 07:17:29","3","False"
"26419451","924646","Popular Question","2018-01-02 07:17:29","3","False"
"26419452","1023812","Popular Question","2018-01-02 07:17:29","3","False"
"26419453","1816086","Popular Question","2018-01-02 07:17:29","3","False"
"26419454","6365508","Popular Question","2018-01-02 07:17:29","3","False"
"26419455","6573805","Popular Question","2018-01-02 07:17:29","3","False"
"26419456","6869136","Popular Question","2018-01-02 07:17:29","3","False"
"26419457","7742264","Popular Question","2018-01-02 07:17:29","3","False"
"26419458","1565490","Popular Question","2018-01-02 07:17:29","3","False"
"26419459","4086794","Popular Question","2018-01-02 07:17:29","3","False"
"26419460","9158437","Scholar","2018-01-02 07:17:29","3","False"
"26419461","7963893","Scholar","2018-01-02 07:17:29","3","False"
"26419462","7203415","Student","2018-01-02 07:17:29","3","False"
"26419463","1636612","Student","2018-01-02 07:17:29","3","False"
"26419464","9008209","Student","2018-01-02 07:17:29","3","False"
"26419465","3809104","Teacher","2018-01-02 07:17:29","3","False"
"26419466","5737512","Yearling","2018-01-02 07:17:29","2","False"
"26419467","9162721","Informed","2018-01-02 07:19:12","3","False"
"26419468","9162725","Informed","2018-01-02 07:20:14","3","False"
"26419469","9162722","Informed","2018-01-02 07:20:36","3","False"
"26419470","7499957","Informed","2018-01-02 07:23:03","3","False"
"26419471","9161385","Informed","2018-01-02 07:24:10","3","False"
"26419472","1214847","Nice Answer","2018-01-02 07:25:13","3","False"
"26419473","1363742","Nice Answer","2018-01-02 07:25:13","3","False"
"26419474","356899","Nice Question","2018-01-02 07:25:13","3","False"
"26419475","1031769","Nice Question","2018-01-02 07:25:13","3","False"
"26419476","5052572","Nice Question","2018-01-02 07:25:13","3","False"
"26419477","6054622","Autobiographer","2018-01-02 07:25:13","3","False"
"26419478","5163967","Autobiographer","2018-01-02 07:25:13","3","False"
"26419479","9162697","Autobiographer","2018-01-02 07:25:13","3","False"
"26419480","8094213","Civic Duty","2018-01-02 07:25:13","2","False"
"26419481","8198272","Commentator","2018-01-02 07:25:13","3","False"
"26419482","697961","Critic","2018-01-02 07:25:13","3","False"
"26419483","4302531","Critic","2018-01-02 07:25:13","3","False"
"26419484","4559107","Critic","2018-01-02 07:25:13","3","False"
"26419485","6682091","Editor","2018-01-02 07:25:13","3","False"
"26419486","9162624","Editor","2018-01-02 07:25:13","3","False"
"26419487","7362311","Editor","2018-01-02 07:25:13","3","False"
"26419488","1348645","Editor","2018-01-02 07:25:13","3","False"
"26419489","9131189","Editor","2018-01-02 07:25:13","3","False"
"26419490","8561875","Editor","2018-01-02 07:25:13","3","False"
"26419491","8563586","Editor","2018-01-02 07:25:13","3","False"
"26419492","2148827","Enthusiast","2018-01-02 07:25:13","2","False"
"26419493","7651458","Enthusiast","2018-01-02 07:25:13","2","False"
"26419494","283837","Famous Question","2018-01-02 07:25:13","1","False"
"26419495","724408","Famous Question","2018-01-02 07:25:13","1","False"
"26419496","731809","Famous Question","2018-01-02 07:25:13","1","False"
"26419497","2590090","Famous Question","2018-01-02 07:25:13","1","False"
"26419498","2069306","Fanatic","2018-01-02 07:25:13","1","False"
"26419499","904725","Necromancer","2018-01-02 07:25:13","2","False"
"26419500","423100","Notable Question","2018-01-02 07:25:13","2","False"
"26419501","356895","Notable Question","2018-01-02 07:25:13","2","False"
"26419502","4043553","Notable Question","2018-01-02 07:25:13","2","False"
"26419504","1621111","Notable Question","2018-01-02 07:25:13","2","False"
"26419505","7550472","Notable Question","2018-01-02 07:25:13","2","False"
"26419506","4080424","Notable Question","2018-01-02 07:25:13","2","False"
"26419507","1386415","Popular Question","2018-01-02 07:25:13","3","False"
"26419508","4797120","Popular Question","2018-01-02 07:25:13","3","False"
"26419509","6894228","Popular Question","2018-01-02 07:25:13","3","False"
"26419510","1463444","Popular Question","2018-01-02 07:25:13","3","False"
"26419511","1398981","Popular Question","2018-01-02 07:25:13","3","False"
"26419512","5066497","Promoter","2018-01-02 07:25:13","3","False"
"26419514","9137959","Scholar","2018-01-02 07:25:13","3","False"
"26419515","611013","Student","2018-01-02 07:25:13","3","False"
"26419516","8978015","Student","2018-01-02 07:25:13","3","False"
"26419517","9162675","Student","2018-01-02 07:25:13","3","False"
"26419518","9071245","Supporter","2018-01-02 07:25:13","3","False"
"26419519","9144057","Supporter","2018-01-02 07:25:13","3","False"
"26419520","8844774","Supporter","2018-01-02 07:25:13","3","False"
"26419521","2713125","Teacher","2018-01-02 07:25:13","3","False"
"26419522","3509838","Custodian","2018-01-02 07:25:13","3","False"
"26419524","9162750","Informed","2018-01-02 07:26:58","3","False"
"26419525","463115","Nice Answer","2018-01-02 07:34:10","3","False"
"26419526","1241939","Nice Question","2018-01-02 07:34:10","3","False"
"26419527","9162751","Autobiographer","2018-01-02 07:34:10","3","False"
"26419528","9162769","Informed","2018-01-02 07:34:21","3","False"
"26419529","4878262","Citizen Patrol","2018-01-02 07:27:15","3","False"
"26419530","4749139","Citizen Patrol","2018-01-02 07:29:18","3","False"
"26419531","6682091","Commentator","2018-01-02 07:34:10","3","False"
"26419532","8101298","Editor","2018-01-02 07:34:10","3","False"
"26419533","8368179","Editor","2018-01-02 07:34:10","3","False"
"26419534","9121872","Editor","2018-01-02 07:34:10","3","False"
"26419535","5505853","Editor","2018-01-02 07:34:10","3","False"
"26419536","9162640","Editor","2018-01-02 07:34:10","3","False"
"26419537","8218887","Editor","2018-01-02 07:34:10","3","False"
"26419538","4704055","Enthusiast","2018-01-02 07:34:10","2","False"
"26419539","9162659","Informed","2018-01-02 07:34:31","3","False"
"26419540","2636765","Notable Question","2018-01-02 07:34:10","2","False"
"26419541","999118","Notable Question","2018-01-02 07:34:10","2","False"
"26419542","2935834","Notable Question","2018-01-02 07:34:10","2","False"
"26419543","6085328","Popular Question","2018-01-02 07:34:10","3","False"
"26419544","229493","Popular Question","2018-01-02 07:34:10","3","False"
"26419545","1631106","Popular Question","2018-01-02 07:34:10","3","False"
"26419546","228123","Popular Question","2018-01-02 07:34:10","3","False"
"26419547","385502","Popular Question","2018-01-02 07:34:10","3","False"
"26419548","3567373","Popular Question","2018-01-02 07:34:10","3","False"
"26419549","4055442","Popular Question","2018-01-02 07:34:10","3","False"
"26419550","4571232","Popular Question","2018-01-02 07:34:10","3","False"
"26419551","1669424","Popular Question","2018-01-02 07:34:10","3","False"
"26419552","9162554","Scholar","2018-01-02 07:34:10","3","False"
"26419553","9126681","Scholar","2018-01-02 07:34:10","3","False"
"26419554","3524981","Scholar","2018-01-02 07:34:10","3","False"
"26419555","9153610","Student","2018-01-02 07:34:10","3","False"
"26419556","9162679","Student","2018-01-02 07:34:10","3","False"
"26419557","6075456","Supporter","2018-01-02 07:34:10","3","False"
"26419558","7764497","Supporter","2018-01-02 07:34:10","3","False"
"26419559","6385767","Supporter","2018-01-02 07:34:10","3","False"
"26419560","2889269","Supporter","2018-01-02 07:34:10","3","False"
"26419561","8609174","Teacher","2018-01-02 07:34:10","3","False"
"26419562","5894934","Teacher","2018-01-02 07:34:10","3","False"
"26419563","7905521","Teacher","2018-01-02 07:34:10","3","False"
"26419564","2627472","Teacher","2018-01-02 07:34:10","3","False"
"26419565","8101298","Custodian","2018-01-02 07:34:10","3","False"
"26419566","2671027","Custodian","2018-01-02 07:34:10","3","False"
"26419567","6503185","Custodian","2018-01-02 07:34:10","3","False"
"26419568","9162640","Custodian","2018-01-02 07:34:10","3","False"
"26419569","5505853","Custodian","2018-01-02 07:34:10","3","False"
"26419570","9161189","Informed","2018-01-02 07:35:36","3","False"
"26419571","9162781","Informed","2018-01-02 07:37:25","3","False"
"26419572","575530","Announcer","2018-01-02 07:39:10","3","False"
"26419573","912563","Announcer","2018-01-02 07:39:10","3","False"
"26419574","7704905","Announcer","2018-01-02 07:39:10","3","False"
"26419575","27211","Nice Answer","2018-01-02 07:39:10","3","False"
"26419576","278657","Nice Question","2018-01-02 07:39:10","3","False"
"26419577","9162787","Informed","2018-01-02 07:39:24","3","False"
"26419578","7057132","Editor","2018-01-02 07:39:10","3","False"
"26419579","8382169","Editor","2018-01-02 07:39:10","3","False"
"26419580","6089150","Editor","2018-01-02 07:39:10","3","False"
"26419581","9143835","Editor","2018-01-02 07:39:10","3","False"
"26419582","5647272","Enthusiast","2018-01-02 07:39:10","2","False"
"26419583","1387438","Fanatic","2018-01-02 07:39:10","1","False"
"26419584","195539","Popular Question","2018-01-02 07:39:10","3","False"
"26419585","4390212","Popular Question","2018-01-02 07:39:10","3","False"
"26419586","4512218","Popular Question","2018-01-02 07:39:10","3","False"
"26419587","7084910","Popular Question","2018-01-02 07:39:10","3","False"
"26419588","3449460","Promoter","2018-01-02 07:39:10","3","False"
"26419589","8771592","Scholar","2018-01-02 07:39:10","3","False"
"26419590","9162549","Scholar","2018-01-02 07:39:10","3","False"
"26419591","6787022","Scholar","2018-01-02 07:39:10","3","False"
"26419592","2453753","Student","2018-01-02 07:39:10","3","False"
"26419593","5558988","Student","2018-01-02 07:39:10","3","False"
"26419594","9131717","Student","2018-01-02 07:39:10","3","False"
"26419595","3996250","Informed","2018-01-02 07:41:20","3","False"
"26419596","9162796","Informed","2018-01-02 07:42:15","3","False"
"26419597","9148346","Informed","2018-01-02 07:42:39","3","False"
"26419598","2646705","Nice Answer","2018-01-02 07:44:11","3","False"
"26419599","40342","Good Answer","2018-01-02 07:44:11","2","False"
"26419600","413670","Good Answer","2018-01-02 07:44:11","2","False"
"26419601","498727","Nice Question","2018-01-02 07:44:11","3","False"
"26419602","868040","Curious","2018-01-02 07:44:11","3","False"
"26419603","8492025","Curious","2018-01-02 07:44:11","3","False"
"26419604","7919749","Autobiographer","2018-01-02 07:44:11","3","False"
"26419605","8970838","Autobiographer","2018-01-02 07:44:11","3","False"
"26419606","9033242","Autobiographer","2018-01-02 07:44:11","3","False"
"26419607","4693817","Commentator","2018-01-02 07:44:11","3","False"
"26419608","7316811","Editor","2018-01-02 07:44:11","3","False"
"26419609","9162601","Editor","2018-01-02 07:44:11","3","False"
"26419610","8967262","Editor","2018-01-02 07:44:11","3","False"
"26419611","4689896","Enthusiast","2018-01-02 07:44:11","2","False"
"26419612","1498586","Famous Question","2018-01-02 07:44:11","1","False"
"26419613","2490579","Famous Question","2018-01-02 07:44:11","1","False"
"26419614","6952361","Famous Question","2018-01-02 07:44:11","1","False"
"26419615","1090395","Necromancer","2018-01-02 07:44:11","2","False"
"26419616","1460522","Necromancer","2018-01-02 07:44:11","2","False"
"26419617","1835650","Necromancer","2018-01-02 07:44:11","2","False"
"26419618","798836","Popular Question","2018-01-02 07:44:11","3","False"
"26419619","739373","Popular Question","2018-01-02 07:44:11","3","False"
"26419620","2730554","Popular Question","2018-01-02 07:44:11","3","False"
"26419621","6129017","Revival","2018-01-02 07:44:11","3","False"
"26419622","1945405","Revival","2018-01-02 07:44:11","3","False"
"26419623","7879193","Revival","2018-01-02 07:44:11","3","False"
"26419624","9162550","Scholar","2018-01-02 07:44:11","3","False"
"26419625","8961890","Scholar","2018-01-02 07:44:11","3","False"
"26419626","4218505","Supporter","2018-01-02 07:44:11","3","False"
"26419627","7521497","Tumbleweed","2018-01-02 07:44:11","3","False"
"26419628","9140706","Tumbleweed","2018-01-02 07:44:11","3","False"
"26419629","7862609","Tumbleweed","2018-01-02 07:44:11","3","False"
"26419630","8892299","Tumbleweed","2018-01-02 07:44:11","3","False"
"26419631","6843708","Tumbleweed","2018-01-02 07:44:11","3","False"
"26419632","9140761","Tumbleweed","2018-01-02 07:44:11","3","False"
"26419633","8405520","Tumbleweed","2018-01-02 07:44:11","3","False"
"26419634","9140699","Tumbleweed","2018-01-02 07:44:11","3","False"
"26419635","4120981","Tumbleweed","2018-01-02 07:44:11","3","False"
"26419636","7413976","Tumbleweed","2018-01-02 07:44:11","3","False"
"26419637","7392470","Tumbleweed","2018-01-02 07:44:11","3","False"
"26419638","7984088","Tumbleweed","2018-01-02 07:44:11","3","False"
"26419639","603433","Yearling","2018-01-02 07:44:11","2","False"
"26419640","5737533","Yearling","2018-01-02 07:44:11","2","False"
"26419641","2296373","Yearling","2018-01-02 07:44:11","2","False"
"26419642","3837642","Yearling","2018-01-02 07:44:11","2","False"
"26419643","1534522","Yearling","2018-01-02 07:44:11","2","False"
"26419644","2960550","Yearling","2018-01-02 07:44:11","2","False"
"26419645","3152800","Yearling","2018-01-02 07:44:11","2","False"
"26419646","5443560","Custodian","2018-01-02 07:44:11","3","False"
"26419647","6701210","Custodian","2018-01-02 07:44:11","3","False"
"26419648","9049282","Informed","2018-01-02 07:47:17","3","False"
"26419649","9162814","Informed","2018-01-02 07:47:19","3","False"
"26419650","758280","Nice Answer","2018-01-02 07:49:10","3","False"
"26419651","4800652","Altruist","2018-01-02 07:49:10","3","False"
"26419653","8450064","Citizen Patrol","2018-01-02 07:46:41","3","False"
"26419654","3812330","Editor","2018-01-02 07:49:10","3","False"
"26419655","3710516","Editor","2018-01-02 07:49:10","3","False"
"26419656","3585060","Notable Question","2018-01-02 07:49:10","2","False"
"26419657","534298","Notable Question","2018-01-02 07:49:10","2","False"
"26419658","3422667","Notable Question","2018-01-02 07:49:10","2","False"
"26419659","1320899","Notable Question","2018-01-02 07:49:10","2","False"
"26419660","5588626","Notable Question","2018-01-02 07:49:10","2","False"
"26419661","6626196","Notable Question","2018-01-02 07:49:10","2","False"
"26419662","1583972","Notable Question","2018-01-02 07:49:10","2","False"
"26419663","3378223","Notable Question","2018-01-02 07:49:10","2","False"
"26419664","7203514","Notable Question","2018-01-02 07:49:10","2","False"
"26419665","3851510","Peer Pressure","2018-01-02 07:49:10","3","False"
"26419666","8414782","Popular Question","2018-01-02 07:49:10","3","False"
"26419667","4068678","Popular Question","2018-01-02 07:49:10","3","False"
"26419668","929086","Popular Question","2018-01-02 07:49:10","3","False"
"26419669","457872","Popular Question","2018-01-02 07:49:10","3","False"
"26419670","988520","Popular Question","2018-01-02 07:49:10","3","False"
"26419671","7828057","Scholar","2018-01-02 07:49:10","3","False"
"26419672","4948943","Student","2018-01-02 07:49:10","3","False"
"26419673","7339642","Supporter","2018-01-02 07:49:10","3","False"
"26419674","7425619","Tumbleweed","2018-01-02 07:49:10","3","False"
"26419675","395686","Yearling","2018-01-02 07:49:10","2","False"
"26419676","8136117","Custodian","2018-01-02 07:49:10","3","False"
"26419677","9162822","Informed","2018-01-02 07:50:22","3","False"
"26419678","8548220","Informed","2018-01-02 07:54:33","3","False"
"26419679","286486","Good Answer","2018-01-02 07:56:28","2","False"
"26419680","400881","Nice Question","2018-01-02 07:56:28","3","False"
"26419681","8548220","Autobiographer","2018-01-02 07:56:28","3","False"
"26419682","9049282","Autobiographer","2018-01-02 07:56:28","3","False"
"26419683","9162710","Autobiographer","2018-01-02 07:56:28","3","False"
"26419684","182660","Cleanup","2018-01-02 07:56:28","3","False"
"26419685","6546574","Editor","2018-01-02 07:56:28","3","False"
"26419686","8410664","Editor","2018-01-02 07:56:28","3","False"
"26419687","6438904","Editor","2018-01-02 07:56:28","3","False"
"26419688","6746536","Editor","2018-01-02 07:56:28","3","False"
"26419689","5781903","Editor","2018-01-02 07:56:28","3","False"
"26419690","7779097","Editor","2018-01-02 07:56:28","3","False"
"26419691","4312282","Editor","2018-01-02 07:56:28","3","False"
"26419692","2104697","Necromancer","2018-01-02 07:56:28","2","False"
"26419693","5393381","Necromancer","2018-01-02 07:56:28","2","False"
"26419694","1123063","Notable Question","2018-01-02 07:56:28","2","False"
"26419695","7665725","Notable Question","2018-01-02 07:56:28","2","False"
"26419696","1658670","Notable Question","2018-01-02 07:56:28","2","False"
"26419697","2542412","Notable Question","2018-01-02 07:56:28","2","False"
"26419698","2404800","Notable Question","2018-01-02 07:56:28","2","False"
"26419699","6782387","Peer Pressure","2018-01-02 07:56:28","3","False"
"26419700","314710","Popular Question","2018-01-02 07:56:28","3","False"
"26419701","621366","Popular Question","2018-01-02 07:56:28","3","False"
"26419702","604876","Popular Question","2018-01-02 07:56:28","3","False"
"26419703","672460","Popular Question","2018-01-02 07:56:28","3","False"
"26419704","4056620","Popular Question","2018-01-02 07:56:28","3","False"
"26419705","8534996","Scholar","2018-01-02 07:56:28","3","False"
"26419706","8543149","Scholar","2018-01-02 07:56:28","3","False"
"26419707","9161643","Scholar","2018-01-02 07:56:28","3","False"
"26419708","8455121","Scholar","2018-01-02 07:56:28","3","False"
"26419709","9162675","Scholar","2018-01-02 07:56:28","3","False"
"26419710","966086","Self-Learner","2018-01-02 07:56:28","3","False"
"26419711","8972336","Student","2018-01-02 07:56:28","3","False"
"26419712","7955352","Student","2018-01-02 07:56:28","3","False"
"26419713","2673627","Supporter","2018-01-02 07:56:28","3","False"
"26419714","3201142","Supporter","2018-01-02 07:56:28","3","False"
"26419715","9155443","Supporter","2018-01-02 07:56:28","3","False"
"26419716","6750147","Teacher","2018-01-02 07:56:28","3","False"
"26419717","560215","Yearling","2018-01-02 07:56:28","2","False"
"26419718","7414076","Custodian","2018-01-02 07:56:28","3","False"
"26419719","9162783","Custodian","2018-01-02 07:56:28","3","False"
"26419720","9162659","Custodian","2018-01-02 07:56:28","3","False"
"26419721","3322323","Informed","2018-01-02 07:58:02","3","False"
"26419722","9151375","Informed","2018-01-02 08:00:12","3","False"
"26419723","216057","Nice Answer","2018-01-02 08:01:27","3","False"
"26419724","2430657","Nice Question","2018-01-02 08:01:27","3","False"
"26419725","143030","Good Question","2018-01-02 08:01:27","2","False"
"26419726","9162854","Informed","2018-01-02 08:01:32","3","False"
"26419727","6385767","Autobiographer","2018-01-02 08:01:27","3","False"
"26419728","6701210","Commentator","2018-01-02 08:01:27","3","False"
"26419729","5446966","Editor","2018-01-02 08:01:27","3","False"
"26419730","7046233","Editor","2018-01-02 08:01:27","3","False"
"26419731","1349275","Editor","2018-01-02 08:01:27","3","False"
"26419732","9015852","Enthusiast","2018-01-02 08:01:27","2","False"
"26419733","1116230","Enthusiast","2018-01-02 08:01:27","2","False"
"26419734","675116","Famous Question","2018-01-02 08:01:27","1","False"
"26419735","1343773","Necromancer","2018-01-02 08:01:27","2","False"
"26419736","4399849","Necromancer","2018-01-02 08:01:27","2","False"
"26419737","3128553","Notable Question","2018-01-02 08:01:27","2","False"
"26419738","4996414","Notable Question","2018-01-02 08:01:27","2","False"
"26419739","7046233","Peer Pressure","2018-01-02 08:01:27","3","False"
"26419740","6523237","Popular Question","2018-01-02 08:01:27","3","False"
"26419741","67153","Popular Question","2018-01-02 08:01:27","3","False"
"26419742","696627","Popular Question","2018-01-02 08:01:27","3","False"
"26419743","1379211","Popular Question","2018-01-02 08:01:27","3","False"
"26419744","7896813","Popular Question","2018-01-02 08:01:27","3","False"
"26419745","3412873","Popular Question","2018-01-02 08:01:27","3","False"
"26419746","9162849","Informed","2018-01-02 08:01:54","3","False"
"26419747","5628108","Scholar","2018-01-02 08:01:27","3","False"
"26419748","7046233","Scholar","2018-01-02 08:01:27","3","False"
"26419749","7380160","Scholar","2018-01-02 08:01:27","3","False"
"26419750","7183352","Supporter","2018-01-02 08:01:27","3","False"
"26419751","5874767","Supporter","2018-01-02 08:01:27","3","False"
"26419752","9162835","Informed","2018-01-02 08:02:01","3","False"
"26419753","7046233","Custodian","2018-01-02 08:01:27","3","False"
"26419754","9162690","Custodian","2018-01-02 08:01:27","3","False"
"26419755","8053560","Informed","2018-01-02 08:02:24","3","False"
"26419756","9162848","Informed","2018-01-02 08:03:07","3","False"
"26419757","8968890","Informed","2018-01-02 08:03:57","3","False"
"26419758","7514741","Informed","2018-01-02 08:05:34","3","False"
"26419759","9162837","Informed","2018-01-02 08:06:25","3","False"
"26419760","758708","Nice Answer","2018-01-02 08:06:28","3","False"
"26419761","168747","Good Answer","2018-01-02 08:06:28","2","False"
"26419762","969984","Nice Question","2018-01-02 08:06:28","3","False"
"26419763","2166673","Autobiographer","2018-01-02 08:06:28","3","False"
"26419764","9148703","Editor","2018-01-02 08:06:28","3","False"
"26419765","9162690","Editor","2018-01-02 08:06:28","3","False"
"26419766","234339","Favorite Question","2018-01-02 08:06:28","2","False"
"26419767","250030","Favorite Question","2018-01-02 08:06:28","2","False"
"26419768","3298327","Peer Pressure","2018-01-02 08:06:28","3","False"
"26419769","1470412","Popular Question","2018-01-02 08:06:28","3","False"
"26419770","3652675","Popular Question","2018-01-02 08:06:28","3","False"
"26419771","544682","Popular Question","2018-01-02 08:06:28","3","False"
"26419772","2230977","Popular Question","2018-01-02 08:06:28","3","False"
"26419773","4351182","Popular Question","2018-01-02 08:06:28","3","False"
"26419774","9162866","Informed","2018-01-02 08:07:08","3","False"
"26419775","7212703","Scholar","2018-01-02 08:06:28","3","False"
"26419776","7118668","Scholar","2018-01-02 08:06:28","3","False"
"26419777","9157895","Scholar","2018-01-02 08:06:28","3","False"
"26419778","9162861","Informed","2018-01-02 08:07:11","3","False"
"26419779","8931143","Student","2018-01-02 08:06:28","3","False"
"26419780","5486886","Student","2018-01-02 08:06:28","3","False"
"26419781","9115126","Supporter","2018-01-02 08:06:28","3","False"
"26419782","8742938","Teacher","2018-01-02 08:06:28","3","False"
"26419783","9161526","Teacher","2018-01-02 08:06:28","3","False"
"26419784","1942296","Yearling","2018-01-02 08:06:28","2","False"
"26419785","901891","Yearling","2018-01-02 08:06:28","2","False"
"26419786","1942289","Yearling","2018-01-02 08:06:28","2","False"
"26419787","131242","Custodian","2018-01-02 08:06:28","3","False"
"26419788","7919749","Informed","2018-01-02 08:08:10","3","False"
"26419789","1045881","Nice Answer","2018-01-02 08:11:30","3","False"
"26419790","3160869","Good Answer","2018-01-02 08:11:30","2","False"
"26419791","1458883","Nice Question","2018-01-02 08:11:30","3","False"
"26419792","3877342","Nice Question","2018-01-02 08:11:30","3","False"
"26419793","6108171","Commentator","2018-01-02 08:11:30","3","False"
"26419794","9162834","Informed","2018-01-02 08:11:46","3","False"
"26419795","7803944","Editor","2018-01-02 08:11:30","3","False"
"26419796","7919749","Editor","2018-01-02 08:11:30","3","False"
"26419797","7826812","Editor","2018-01-02 08:11:30","3","False"
"26419798","7366815","Editor","2018-01-02 08:11:30","3","False"
"26419799","2244081","Fanatic","2018-01-02 08:11:30","1","False"
"26419800","508440","Popular Question","2018-01-02 08:11:30","3","False"
"26419801","236247","Popular Question","2018-01-02 08:11:30","3","False"
"26419802","8039571","Popular Question","2018-01-02 08:11:30","3","False"
"26419803","2158982","Popular Question","2018-01-02 08:11:30","3","False"
"26419804","1344665","Popular Question","2018-01-02 08:11:30","3","False"
"26419805","9054850","Scholar","2018-01-02 08:11:30","3","False"
"26419806","9144867","Scholar","2018-01-02 08:11:30","3","False"
"26419807","9090132","Scholar","2018-01-02 08:11:30","3","False"
"26419808","3459444","Student","2018-01-02 08:11:30","3","False"
"26419809","373759","Student","2018-01-02 08:11:30","3","False"
"26419810","7803944","Student","2018-01-02 08:11:30","3","False"
"26419811","4201280","Supporter","2018-01-02 08:11:30","3","False"
"26419812","3297435","Custodian","2018-01-02 08:11:30","3","False"
"26419813","9162852","Informed","2018-01-02 08:15:03","3","False"
"26419814","9162885","Informed","2018-01-02 08:15:14","3","False"
"26419815","4640026","Informed","2018-01-02 08:15:28","3","False"
"26419816","9162810","Informed","2018-01-02 08:15:35","3","False"
"26419817","9162896","Informed","2018-01-02 08:15:36","3","False"
"26419818","9162897","Informed","2018-01-02 08:15:54","3","False"
"26419819","1315767","Nice Answer","2018-01-02 08:16:30","3","False"
"26419820","9162828","Autobiographer","2018-01-02 08:16:30","3","False"
"26419821","9162871","Informed","2018-01-02 08:16:43","3","False"
"26419822","9162708","Editor","2018-01-02 08:16:30","3","False"
"26419823","8398012","Editor","2018-01-02 08:16:30","3","False"
"26419824","9162821","Editor","2018-01-02 08:16:30","3","False"
"26419825","9162826","Editor","2018-01-02 08:16:30","3","False"
"26419826","2772743","Necromancer","2018-01-02 08:16:30","2","False"
"26419827","2062243","Notable Question","2018-01-02 08:16:30","2","False"
"26419828","737947","Notable Question","2018-01-02 08:16:30","2","False"
"26419829","1601471","Notable Question","2018-01-02 08:16:30","2","False"
"26419830","4698661","Notable Question","2018-01-02 08:16:30","2","False"
"26419831","810815","Notable Question","2018-01-02 08:16:30","2","False"
"26419832","3549665","Notable Question","2018-01-02 08:16:30","2","False"
"26419833","111337","Notable Question","2018-01-02 08:16:30","2","False"
"26419834","466629","Popular Question","2018-01-02 08:16:30","3","False"
"26419835","1225551","Popular Question","2018-01-02 08:16:30","3","False"
"26419836","5225556","Popular Question","2018-01-02 08:16:30","3","False"
"26419837","3739902","Popular Question","2018-01-02 08:16:30","3","False"
"26419838","8017535","Promoter","2018-01-02 08:16:30","3","False"
"26419839","2141391","Revival","2018-01-02 08:16:30","3","False"
"26419840","3240383","Revival","2018-01-02 08:16:30","3","False"
"26419841","4558619","Revival","2018-01-02 08:16:30","3","False"
"26419842","2485280","Revival","2018-01-02 08:16:30","3","False"
"26419843","9162779","Scholar","2018-01-02 08:16:30","3","False"
"26419844","1173974","Student","2018-01-02 08:16:30","3","False"
"26419845","8584121","Supporter","2018-01-02 08:16:30","3","False"
"26419846","5294435","Teacher","2018-01-02 08:16:30","3","False"
"26419847","8582991","Teacher","2018-01-02 08:16:30","3","False"
"26419848","7771457","Teacher","2018-01-02 08:16:30","3","False"
"26419849","5138943","Tumbleweed","2018-01-02 08:16:30","3","False"
"26419850","8253385","Tumbleweed","2018-01-02 08:16:30","3","False"
"26419851","1363283","Tumbleweed","2018-01-02 08:16:30","3","False"
"26419852","6860917","Tumbleweed","2018-01-02 08:16:30","3","False"
"26419853","7783140","Tumbleweed","2018-01-02 08:16:30","3","False"
"26419854","1140304","Tumbleweed","2018-01-02 08:16:30","3","False"
"26419855","9140885","Tumbleweed","2018-01-02 08:16:30","3","False"
"26419856","8085776","Tumbleweed","2018-01-02 08:16:30","3","False"
"26419857","7473890","Tumbleweed","2018-01-02 08:16:30","3","False"
"26419858","9162821","Custodian","2018-01-02 08:16:30","3","False"
"26419859","8583393","Custodian","2018-01-02 08:16:30","3","False"
"26419861","9153148","Informed","2018-01-02 08:18:44","3","False"
"26419862","241590","tomcat","2018-01-02 08:18:47","3","True"
"26419863","9162889","Informed","2018-01-02 08:19:43","3","False"
"26419864","9162894","Informed","2018-01-02 08:19:46","3","False"
"26419865","14167","Nice Answer","2018-01-02 08:21:29","3","False"
"26419866","25632","Great Question","2018-01-02 08:21:29","1","False"
"26419867","9162879","Informed","2018-01-02 08:21:42","3","False"
"26419868","2859257","Commentator","2018-01-02 08:21:29","3","False"
"26419869","6716961","Informed","2018-01-02 08:21:48","3","False"
"26419870","9155798","Editor","2018-01-02 08:21:29","3","False"
"26419871","14167","Enlightened","2018-01-02 08:21:29","2","False"
"26419872","27211","Enlightened","2018-01-02 08:21:29","2","False"
"26419873","154147","Enlightened","2018-01-02 08:21:29","2","False"
"26419874","463115","Enlightened","2018-01-02 08:21:29","2","False"
"26419875","755645","Enlightened","2018-01-02 08:21:29","2","False"
"26419876","1214847","Enlightened","2018-01-02 08:21:29","2","False"
"26419877","1315767","Enlightened","2018-01-02 08:21:29","2","False"
"26419878","1577135","Enlightened","2018-01-02 08:21:29","2","False"
"26419879","1966616","Enlightened","2018-01-02 08:21:29","2","False"
"26419880","5188159","Enlightened","2018-01-02 08:21:29","2","False"
"26419881","2157841","Notable Question","2018-01-02 08:21:29","2","False"
"26419882","1336033","Notable Question","2018-01-02 08:21:29","2","False"
"26419883","5227922","Popular Question","2018-01-02 08:21:29","3","False"
"26419884","2914698","Popular Question","2018-01-02 08:21:29","3","False"
"26419886","1391074","Popular Question","2018-01-02 08:21:29","3","False"
"26419887","9162883","Informed","2018-01-02 08:22:07","3","False"
"26419888","1207541","Teacher","2018-01-02 08:21:29","3","False"
"26419889","7352877","Informed","2018-01-02 08:22:28","3","False"
"26419890","1125893","Yearling","2018-01-02 08:21:29","2","False"
"26419891","515249","Yearling","2018-01-02 08:21:29","2","False"
"26419892","1942323","Yearling","2018-01-02 08:21:29","2","False"
"26419893","3041345","Custodian","2018-01-02 08:21:29","3","False"
"26419894","7955352","Custodian","2018-01-02 08:21:29","3","False"
"26419895","9092847","Informed","2018-01-02 08:23:01","3","False"
"26419896","9162841","Informed","2018-01-02 08:25:17","3","False"
"26419897","4698348","Quorum","2018-01-02 08:26:09","3","False"
"26419898","8743225","Informed","2018-01-02 08:26:53","3","False"
"26419899","9162921","Informed","2018-01-02 08:26:53","3","False"
"26419900","8894125","Informed","2018-01-02 08:27:07","3","False"
"26419901","9162909","Informed","2018-01-02 08:28:29","3","False"
"26419902","9162933","Informed","2018-01-02 08:29:20","3","False"
"26419903","9162939","Informed","2018-01-02 08:31:15","3","False"
"26419904","9162941","Informed","2018-01-02 08:33:45","3","False"
"26419905","9162940","Informed","2018-01-02 08:34:11","3","False"
"26419906","5741205","Nice Answer","2018-01-02 08:34:13","3","False"
"26419907","1705266","Nice Question","2018-01-02 08:34:13","3","False"
"26419908","31505","Good Question","2018-01-02 08:34:13","2","False"
"26419909","1370639","Good Question","2018-01-02 08:34:13","2","False"
"26419910","5597750","Autobiographer","2018-01-02 08:34:13","3","False"
"26419911","7224505","Autobiographer","2018-01-02 08:34:13","3","False"
"26419912","6716961","Autobiographer","2018-01-02 08:34:13","3","False"
"26419913","9162937","Autobiographer","2018-01-02 08:34:13","3","False"
"26419914","8783510","Autobiographer","2018-01-02 08:34:13","3","False"
"26419915","7461381","Civic Duty","2018-01-02 08:34:13","2","False"
"26419916","7414375","Commentator","2018-01-02 08:34:13","3","False"
"26419917","3796104","Commentator","2018-01-02 08:34:13","3","False"
"26419918","4610181","Editor","2018-01-02 08:34:13","3","False"
"26419919","8197536","Editor","2018-01-02 08:34:13","3","False"
"26419920","5077440","Editor","2018-01-02 08:34:13","3","False"
"26419921","9162771","Editor","2018-01-02 08:34:13","3","False"
"26419922","4897391","Mortarboard","2018-01-02 08:26:09","3","False"
"26419923","18511","Necromancer","2018-01-02 08:34:13","2","False"
"26419924","3621394","Necromancer","2018-01-02 08:34:13","2","False"
"26419925","7621542","Peer Pressure","2018-01-02 08:34:13","3","False"
"26419926","8317542","Peer Pressure","2018-01-02 08:34:13","3","False"
"26419927","6209404","Popular Question","2018-01-02 08:34:13","3","False"
"26419928","4428471","Popular Question","2018-01-02 08:34:13","3","False"
"26419929","431053","Popular Question","2018-01-02 08:34:13","3","False"
"26419930","633160","Popular Question","2018-01-02 08:34:13","3","False"
"26419931","278470","Popular Question","2018-01-02 08:34:13","3","False"
"26419932","1559199","Popular Question","2018-01-02 08:34:13","3","False"
"26419933","579887","Popular Question","2018-01-02 08:34:13","3","False"
"26419934","9162864","Scholar","2018-01-02 08:34:13","3","False"
"26419935","5443560","Scholar","2018-01-02 08:34:13","3","False"
"26419936","9139636","Scholar","2018-01-02 08:34:13","3","False"
"26419937","9090756","Student","2018-01-02 08:34:13","3","False"
"26419938","7576283","Supporter","2018-01-02 08:34:13","3","False"
"26419939","3980618","Supporter","2018-01-02 08:34:13","3","False"
"26419940","4779999","Supporter","2018-01-02 08:34:13","3","False"
"26419941","8339489","Supporter","2018-01-02 08:34:13","3","False"
"26419942","2807547","Teacher","2018-01-02 08:34:13","3","False"
"26419943","7678928","Teacher","2018-01-02 08:34:13","3","False"
"26419944","5850438","Custodian","2018-01-02 08:34:13","3","False"
"26419945","9089704","Custodian","2018-01-02 08:34:13","3","False"
"26419946","9162956","Informed","2018-01-02 08:35:15","3","False"
"26419947","7603093","Informed","2018-01-02 08:35:32","3","False"
"26419948","9162959","Informed","2018-01-02 08:35:38","3","False"
"26419949","9162698","Informed","2018-01-02 08:36:12","3","False"
"26419950","9162957","Informed","2018-01-02 08:36:22","3","False"
"26419951","9162951","Informed","2018-01-02 08:37:07","3","False"
"26419952","9162936","Informed","2018-01-02 08:38:12","3","False"
"26419953","7224505","Informed","2018-01-02 08:40:05","3","False"
"26419954","9018477","Informed","2018-01-02 08:40:13","3","False"
"26419955","9162820","Informed","2018-01-02 08:40:51","3","False"
"26419956","9162961","Informed","2018-01-02 08:41:48","3","False"
"26419957","9162888","Informed","2018-01-02 08:41:52","3","False"
"26419958","9162915","Informed","2018-01-02 08:42:46","3","False"
"26419959","743868","Nice Answer","2018-01-02 08:43:12","3","False"
"26419960","1420279","Nice Answer","2018-01-02 08:43:12","3","False"
"26419961","9162962","Autobiographer","2018-01-02 08:43:12","3","False"
"26419962","9162946","Autobiographer","2018-01-02 08:43:12","3","False"
"26419963","3518958","Cleanup","2018-01-02 08:43:12","3","False"
"26419964","4265546","Commentator","2018-01-02 08:43:12","3","False"
"26419965","8859925","Commentator","2018-01-02 08:43:12","3","False"
"26419966","9162856","Editor","2018-01-02 08:43:12","3","False"
"26419967","5346123","Enthusiast","2018-01-02 08:43:12","2","False"
"26419968","8666132","Enthusiast","2018-01-02 08:43:12","2","False"
"26419969","6950391","Enthusiast","2018-01-02 08:43:12","2","False"
"26419970","3107574","Guru","2018-01-02 08:43:12","2","False"
"26419971","2893709","Popular Question","2018-01-02 08:43:12","3","False"
"26419972","115622","Popular Question","2018-01-02 08:43:12","3","False"
"26419973","3134215","Popular Question","2018-01-02 08:43:12","3","False"
"26419974","1389438","Popular Question","2018-01-02 08:43:12","3","False"
"26419975","3526079","Popular Question","2018-01-02 08:43:12","3","False"
"26419976","690462","Popular Question","2018-01-02 08:43:12","3","False"
"26419977","2363911","Popular Question","2018-01-02 08:43:12","3","False"
"26419978","9152993","Scholar","2018-01-02 08:43:12","3","False"
"26419979","7518431","Scholar","2018-01-02 08:43:12","3","False"
"26419980","1752079","Scholar","2018-01-02 08:43:12","3","False"
"26419981","4364475","Student","2018-01-02 08:43:12","3","False"
"26419982","7290426","Student","2018-01-02 08:43:12","3","False"
"26419983","9162698","Student","2018-01-02 08:43:12","3","False"
"26419984","1454332","Supporter","2018-01-02 08:43:12","3","False"
"26419985","4806226","Supporter","2018-01-02 08:43:12","3","False"
"26419986","5398192","Teacher","2018-01-02 08:43:12","3","False"
"26419987","3287963","Yearling","2018-01-02 08:43:12","2","False"
"26419988","810621","Yearling","2018-01-02 08:43:12","2","False"
"26419989","5737630","Yearling","2018-01-02 08:43:12","2","False"
"26419990","2373256","Yearling","2018-01-02 08:43:12","2","False"
"26419991","7364506","Yearling","2018-01-02 08:43:12","2","False"
"26419992","3152953","Yearling","2018-01-02 08:43:12","2","False"
"26419993","3152985","Yearling","2018-01-02 08:43:12","2","False"
"26419994","1125910","Yearling","2018-01-02 08:43:12","2","False"
"26419995","50830","Yearling","2018-01-02 08:43:12","2","False"
"26419996","1539343","Yearling","2018-01-02 08:43:12","2","False"
"26419997","310590","Yearling","2018-01-02 08:43:12","2","False"
"26419998","3269543","Custodian","2018-01-02 08:43:12","3","False"
"26419999","6259159","Informed","2018-01-02 08:43:59","3","False"
"26420000","1957477","Informed","2018-01-02 08:45:25","3","False"
"26420001","9162973","Informed","2018-01-02 08:48:05","3","False"
"26420002","186116","Nice Answer","2018-01-02 08:48:12","3","False"
"26420003","584518","Nice Answer","2018-01-02 08:48:12","3","False"
"26420004","1303477","Nice Answer","2018-01-02 08:48:12","3","False"